{"cameraMode":{"drawMode":0,"name":"Shaded","section":"Shading Mode"},"sceneLighting":false,"audioPlay":false,"sceneViewState":{"showFog":true,"showMaterialUpdate":false,"showSkybox":false,"showFlares":true,"showImageEffects":true,"showParticleSystems":true},"in2DMode":false,"pivot":{"x":-19.249698638916017,"y":8.921528816223145,"z":-2.7431955337524416},"rotation":{"x":-0.03354581445455551,"y":0.9429661631584168,"z":-0.3157489001750946,"w":-0.10024211555719376},"size":15.265631675720215,"orthographic":false}